nuagepc,Male,5606.61,0,0,0,0,0,39,779
parrell26,Female,4105.65,0,327.0,0,0,0,0,1410
Key_Taulbee,Male,668.0,132.99,309.96,1055.0,0,0,19,99
Mathemagician,Male,33720.47,128.69,268.7,905.09,4041.0,8678.0,32,4342
runsofwrath,Female,381.94,0,0,0,0,0,23,49
Jesspascoe,Female,3995.18,0,0,0,0,0,21,692
aiabilly,Male,11924.33,0,0,1041.0,0,0,47,3464
Lynnie1972,Female,1737.58,0,0,0,0,0,45,509
TeresaB,Female,1826.91,0,0,0,0,0,54,509
runninglfe,Male,2629.88,0,0,1271.0,5824.0,11351.0,39,782
wrial12,Male,24507.16,126.75,268.44,909.0,0,0,28,2556
carlstone21,Male,480.51,0,0,0,0,0,55,1226
fifths12,Male,4713.67,0,356.0,1151.0,5080.0,0,0,1031
Lcummings,Female,7965.43,0,304.0,1060.0,0,0,27,3580
vanden.eykel,Female,6037.63,0,0,1636.0,7924.0,0,33,2575
Jaschools,Male,2406.78,0,0,0,0,0,52,849
LazyLegs,Male,6318.28,0,0,1052.0,5133.0,10252.0,36,3779
mbsellers06,Male,2764.96,0,0,0,0,0,34,2808
corydonovan,Male,19798.29,0,0,1113.0,5281.0,11514.0,0,1778
clc,Male,22672.06,117.84,266.7,959.5,4571.0,9822.0,32,3805
barold419,Male,4968.38,0,0,0,6430.0,14431.0,36,3060
JStroff,Male,20412.65,0,0,949.0,4310.0,9458.0,32,2823
hosborn,Female,13894.55,2.2,290.52,1006.0,4991.0,0,27,2861
duchesspandora,Female,2131.7,0,0,0,0,0,42,843
RyanODonnell,Male,3678.26,0,0,0,0,0,20,1008
JoeTheShow,Male,6964.62,117.99000000000001,254.29,904.88,4433.0,0,28,3949
mag249,Male,21350.07,0,298.5,1026.0,4702.0,9952.0,50,3990
danihartjes,Female,2682.6,0,0,0,0,0,24,883
dkevans2,Male,9802.45,127.0,268.43,922.77,4496.0,10236.0,23,1568
PTDXC,Male,28249.32,0,272.48,960.0,4540.0,9833.0,37,4612
cltrick,Female,5018.33,0,0,0,0,0,54,1522
kasabianxc,Female,32339.27,0,304.0,1024.0,4949.0,10637.0,0,4136
mhoffert,Female,6105.73,0,0,0,0,0,35,630
kenr1028,Male,16572.6,0,278.93,944.0,4440.0,9468.0,43,2387
runboe,Male,6199.87,0,0,0,0,0,40,641
runrgin,Female,8548.2,0,0,0,0,0,56,3375
timfitzxc,Male,17646.75,0,279.0,1640.0,4655.0,10346.0,28,3388
akilmer,Male,11567.29,0,0,958.0,0,10939.0,28,3600
jdejoy,Male,3241.25,0,0,1584.0,7169.0,0,52,1240
Calesse,Female,21243.87,1240.0,338.04,1093.0,5212.0,11433.0,27,3205
Jewbearpig,Male,14632.69,116.3,261.77,944.31,4859.0,0,23,1399
Lace-Dog,Male,31720.84,0,263.0,900.0,4177.0,8962.0,33,3610
steveboyd,Male,475.28,0,0,0,0,0,33,42
Dubba3281,Male,6606.64,0,0,0,0,0,30,2614
nikhaas,Female,4707.74,117.93,256.77,0,0,0,0,0
katemcmahan,Female,3162.23,0,0,0,0,0,17,1073
alparks2s,Female,5822.11,0,0,0,0,0,0,1393
Davis,Male,7435.0,0,0,0,5757.0,0,44,1027
jordandoore,Female,5956.1,143.0,319.0,0,0,0,21,859
gwdameron,Male,1388.59,0,0,1360.0,0,0,49,484
LisaLyn,Female,6604.0,0,0,0,0,0,0,2967
jpenn,Male,7988.21,166.0,352.0,1192.0,6226.0,14976.0,42,3761
davbro,Male,15364.4,0,0,1213.0,0,0,52,3114
Beckybarber,Female,1190.79,0,0,0,0,0,39,508
setkin,Male,3342.0,0,0,1215.0,0,0,25,2179
Old_Man_Mahar,Male,12004.46,124.0,278.64,920.0,0,0,27,3232
jlbryn2,Male,1571.59,119.0,269.55,0,0,0,18,421
annabanana4,Female,9253.68,142.0,315.07,1112.0,5447.0,11844.0,26,4046
mbuenger,Male,3525.3,0,0,1215.0,6318.0,15815.0,27,2133
ryan21,Male,10234.25,0,0,930.0,4123.0,9037.0,0,2368
gkline97,Male,7704.7,124.4,275.0,958.75,0,0,21,959
hannahgates2014,Female,7753.1,0,371.0,0,7080.0,0,22,2148
theweve,Male,4542.13,0,283.64,1058.19,4546.0,10766.0,0,0
hollyannerees,Female,7618.78,0,0,0,0,0,24,576
AdrienneMarg,Female,2145.58,0,0,0,0,0,20,299
rylanhincher,Male,7211.62,0,0,970.0,4382.0,11563.0,20,860
straeger,Female,12002.81,0,0,1205.0,5377.0,11782.0,26,2369
lfrierson,Female,1090.77,0,0,0,0,0,22,137
pakullerud,Male,457.96,0,0,0,0,0,41,1593
tracymorgan,Female,1699.85,0,0,0,0,0,19,1395
KHarman,Female,1063.78,0,0,0,0,0,54,657
mlist,Male,6763.63,0,271.08,900.0,0,0,25,1854
Chris_DeForest,Male,944.76,135.0,292.69,0,0,0,15,302
eliseliseliselise,Female,4552.46,0,371.46,1190.43,7017.0,0,0,0
Jack.Spilman,Male,3515.17,110.35,255.28,943.0,4482.0,0,27,962
elisagemart,Male,1374.5,136.0,299.73,1047.0,0,0,18,407
jemcbride2019,Female,2505.43,194.0,426.6,1501.0,0,0,21,708
JWoodrow24,Male,8920.6,125.7,271.06,924.0,0,0,19,1409
gbednar19,Male,1751.5,0,283.0,0,0,0,17,419
redXC824,Female,31786.33,147.0,303.35,1010.0,4520.0,9558.0,32,3800
T$,Female,4375.69,0,605.0,1201.0,5321.0,0,25,702
JukeySmoot,Male,11158.55,0,0,905.0,0,8798.0,28,1664
jklu1956,Female,6240.22,0,0,0,6987.0,16631.0,61,0
DailyRun,Male,32591.54,0,312.0,1033.0,4925.0,12180.0,28,3926
sean_oleprechaun,Male,30231.05,126.0,263.62,900.09,4310.0,0,26,2563
EmilyHenson,Female,4063.67,146.0,315.36,0,0,0,20,1049
jackschlabig,Male,18403.46,0,263.04,880.0,4149.0,0,25,2366
theTruth,Male,5565.38,0,278.0,915.0,0,0,23,1410
pigmoth,Male,1697.0,0,0,0,0,0,33,219
tankmann,Male,14856.61,120.71,269.76,999.63,0,0,24,0
SophieDeFreitas,Female,1230.93,0,0,0,0,0,17,590
mbaxter,Male,4241.95,0,0,0,0,0,20,659
jhershfang,Female,12644.02,0,0,0,0,0,25,1787
JefeOfRunning,Male,7960.25,0,0,0,0,0,0,1184
marklemcd,Male,6613.37,0,0,0,0,0,40,399
joshdiehl,Male,1130.8,0,0,0,0,0,13,686
tckramer,Male,6120.25,0,0,2100.0,0,0,51,2339
wintersd,Male,2483.29,0,0,0,0,0,19,310
meganparks,Female,11431.49,0,0,0,0,0,23,1784
JoeyPalumbo,Male,1138.13,0,0,0,0,0,20,170
malcmalc3,Male,3809.1,121.17,281.17,947.5,0,0,22,1705
dwin[c],Male,2414.55,0,0,0,0,0,24,388
charcoll,Female,14375.3,147.0,314.56,1129.46,5293.0,0,26,2882
heharrell,Male,12526.74,0,0,1065.0,5760.0,10972.0,50,4651
konair,Male,11483.61,128.0,277.6,943.79,4939.0,12386.0,27,3946
sburazin,Male,2580.27,0,0,1062.04,0,0,19,323
randykuvin,Male,4526.05,0,0,1386.0,7186.0,16592.0,55,2654
dawn262,Female,1553.0,0,0,0,0,20160.0,45,471
PatFromNewton,Male,1324.88,0,0,0,0,0,59,620
SanibelRunner,Male,2865.72,0,0,0,0,0,69,875
abigailwest,Female,3361.17,0,0,1259.0,5977.0,0,32,962
Letta24,Female,3036.38,154.0,312.5,1091.5,0,0,20,608
Faz,Male,2332.23,0,0,1250.0,0,0,66,447
olimar,Male,564.28,0,0,1934.0,0,0,49,1412
kwilker,Female,2242.6,0,0,0,0,0,18,268
DFish,Female,17079.87,0,325.88,1069.0,4878.0,10316.0,0,0
Cassidi16,Female,2855.25,142.0,324.0,1206.0,0,0,20,681
teddy_farley,Male,23405.78,128.0,274.0,907.54,0,0,26,877
Timstraffen24,Male,3888.66,0,0,0,0,0,28,664
KRO90,Male,6600.27,1023.0,293.76,1020.0,5239.0,0,26,2794
BrandonDworak,Male,38210.73,121.0,265.1,872.49,3997.8,8446.0,30,3890
athena_welsh,Female,10836.64,0,0,0,0,0,20,2154
Harvsauce,Male,2865.16,130.0,282.71,988.0,5541.0,0,27,3369
jakehills,Male,1392.06,0,297.85,1051.0,5144.0,0,20,328
BrianKShapiro,Male,3890.2,0,0,0,0,0,37,825
Connorpulvidente,Male,10911.59,0,271.0,909.0,0,0,22,1077
jwmccullough,Male,35875.66,0,264.12,888.06,4063.0,9172.0,41,2683
Michael108,Male,27.5,0,0,0,0,0,49,23
kechapman0821,Female,3462.58,0,331.0,1099.0,0,0,18,1787
kleisher,Female,7363.14,0,293.8,1026.09,0,0,20,1060
rhutchcraft,Female,7150.62,0,0,0,0,0,21,1045
iiracing,Male,5286.42,0,0,1235.49,5790.0,0,48,2018
emilyborchers,Female,2500.16,0,0,1068.0,0,0,21,269
tara14,Female,9233.06,153.0,308.15,1058.0,5571.0,0,24,2172
PieceOfDatCorn,Male,34822.3,0,255.3,895.0,4188.0,9464.0,33,2865
Ebenezer_Agaro,Male,12777.37,0,278.33,949.4,4465.0,0,23,1792
Ford,Male,27467.18,121.25,277.0,979.0,4508.0,9682.0,30,4628
CMaloy,Male,8964.36,0,256.0,857.0,5892.0,0,25,1185
runningkelly,Male,4388.45,0,0,0,0,0,68,3774
joeters,Male,7272.91,0,263.52,971.0,0,0,21,858
bdanner,Male,4063.51,0,0,0,0,0,58,1520
davecarter4,Male,882.77,0,0,0,0,0,30,160
ErbyAtkins,Female,38542.45,141.5,289.0,999.0,4425.0,9195.0,31,3701
ebrower,Male,10482.59,0,277.56,967.0,0,0,23,1644
nashrunner,Male,18876.43,0,266.95,901.5,4420.0,10012.0,30,2788
Puse,Male,10377.5,0,268.0,934.0,0,0,22,1029
cpost,Male,18203.17,0,272.62,951.0,4377.0,10167.0,29,2072
MoviesMaxwell,Male,3407.97,0,0,0,0,0,19,1392
mrb8,Male,46874.82,0,273.58,896.0,3990.0,8334.0,36,4336
ktless13,Female,14570.72,170.0,362.88,1219.0,0,0,27,3450
mvk007,Male,3125.51,0,0,0,0,0,38,841
adidasport15,Male,24772.28,137.0,277.07,913.0,4074.0,8765.0,28,3970
jeancarson,Female,6833.33,141.68,305.0,1166.83,5620.0,0,19,2922
lmatzke98,Male,1977.81,0,0,1119.02,0,0,19,311
Cheltor,Male,8863.64,116.39,0,1010.49,0,0,27,3611
LS3,Male,4460.04,73.0,255.0,0,0,0,21,953
RileyH,Male,5596.3,0,374.17,0,0,0,19,681
mtharakan,Male,3940.78,128.0,282.63,1018.8,0,0,17,694
birdie.small,Female,26.1,0,0,0,0,0,19,56
edwards706,Male,26042.98,114.06,236.62,818.78,4165.0,0,29,4170
mferraxc,Female,13455.1,141.6,299.12,1092.0,5714.0,0,27,4157
colton.rod,Male,500.98,0,0,0,0,0,25,156
joierakerson,Female,8741.28,0,328.14,1142.0,0,0,22,1780
egustafsson,Female,1294.62,0,320.76,0,0,0,20,246
Sophia.Robinson,Female,5622.84,0,374.07,0,0,0,23,2130
erichansen,Male,6614.0,116.0,256.46,991.0,0,0,22,1780
adamgeorge775,Male,14334.62,0,0,899.0,0,0,22,717
RENTNER!!!,Female,4245.66,0,0,0,5952.0,12926.0,24,877
amansur,Female,18872.2,0,0,1171.0,5290.0,11272.0,29,2515
bd2531,Female,5324.76,0,0,1240.0,0,0,22,1409
Butler,Male,27135.07,0,0,899.0,4074.0,8804.0,0,0
gabipatpat,Female,9854.53,0,371.0,1238.0,5780.0,12896.0,26,2750
BDerr7,Male,10490.53,117.15,268.92,956.17,0,0,25,2490
clintoris,Male,21959.57,120.19,252.24,865.0,4042.0,0,26,3629
flavinjp,Male,7143.98,0,0,875.0,0,0,19,673
Skylar.Grant,Female,2206.45,0,0,0,0,0,16,507
taylor_barnes01,Female,2363.81,0,356.4,1122.0,0,0,19,322
loves2breed,Male,9106.05,116.0,255.85,933.99,0,0,21,1405
kmajones91,Male,625.94,0,0,0,0,0,48,244
Knelson5,Female,2899.66,125.82,274.11,0,0,0,21,591
Ally.Smith,Female,47.55,0,0,0,0,0,21,55
lksfoley,Female,4765.45,0,0,1086.0,5232.0,11466.0,41,903
morgangraff,Female,1775.5,0,0,0,0,0,19,348
M_Hostettler,Female,2234.32,0,0,0,0,0,19,328
PaulHenry78,Male,4558.61,114.09,308.0,1005.0,0,0,20,1036
M_Ward94,Male,10930.43,111.46000000000001,242.28,834.49,0,0,23,1385
russj,Male,4498.06,0,0,1297.0,7543.0,0,60,3597
sgrant,Male,17866.34,121.93,272.86,974.7,4626.0,0,28,3576
eschwartz,Male,31620.17,0,263.08,864.0,4048.0,8297.0,24,2833
jc00lz,Male,2491.6,0,0,0,0,0,20,669
bids,Male,13186.41,0,0,1231.02,6487.04,15136.0,49,3664
shirzel,Female,648.63,0,0,0,0,0,19,99
markallen,Male,4653.35,0,274.39,1012.0,0,0,27,2575
Runb311,Male,33046.24,0,263.52,900.05,4285.0,0,30,4311
mcscherber,Male,1693.14,0,0,0,0,0,27,196
JSteible,Male,13554.14,116.0,3.0,879.4,0,0,23,3171
Teresa_Diehl,Female,1725.5,0,0,1179.0,0,0,20,296
spolzin,Male,9303.5,0,0,0,0,0,23,1440
vanfossena1,Female,1738.03,0,0,1238.0,0,0,20,268
mkwierman,Male,5334.21,0,0,1290.0,6283.0,14567.0,32,2160
dlkazmie,Male,8208.6,0,0,0,5397.0,11974.0,0,3753
jennaklynstra,Female,11876.0,0,0,1014.53,0,0,22,1950
bbabyak57,Male,1284.27,0,273.06,947.9,0,0,21,149
JakeDM,Male,2418.16,132.0,243.0,21.1,0,0,18,1694
amrobinson43,Male,1161.2,0,0,0,0,0,20,244
GettysburgPete,Male,8711.73,0,272.2,913.02,4516.8,9784.0,23,2145
kmc929,Female,5534.41,0,874.0,1368.0,6481.0,0,0,3573
locorunner,Male,27224.0,126.0,284.34,949.0,0,9044.8,41,2327
Justin427,Male,1967.44,0,294.41,1120.0,0,0,21,606
CousinJimmy,Male,10519.76,127.0,278.0,955.0,0,0,22,1395
hheuerman,Female,704.5,0,0,0,0,0,16,138
cbloch,Female,3915.41,133.12,146.09,1097.9,0,0,22,595
Ze$tyXander,Male,926.6,0,0,0,0,0,20,400
tsunamibreaker,Male,12519.2,117.28,260.96,884.9,4088.0,8537.0,24,1810
kristinNC,Female,1776.69,0,0,1390.0,7629.0,0,0,2991
rivasc27,Male,5254.22,0,0,910.0,4766.0,0,19,984
kelseytyler96,Female,7583.73,147.0,310.08,1078.11,0,0,21,1409
Alexgill,Male,1316.36,0,0,0,0,0,19,292
idnetjr,Female,565.67,0,0,0,0,0,0,0
bparzich,Male,6718.56,121.8,269.47,944.0,0,0,22,1676
Alex5stalin,Male,1313.67,0,0,0,0,0,23,334
chrispy13,Male,493.6,0,0,0,5829.0,0,22,359
zmower,Male,6887.12,0,295.0,1014.0,0,0,26,3205
rbrantley,Female,1091.69,0,0,0,7608.0,0,30,1250
oddlefty,Male,19211.69,112.44,248.65,924.82,4310.0,9381.0,27,2881
KevRivera,Male,849.16,0,0,1208.0,0,0,21,578
maggiemahoney,Female,6595.36,0,0,0,0,0,21,1596
seemilyrun,Female,3624.61,133.02,302.7,1090.0,0,0,33,1938
wnation,Male,9877.75,0,0,0,0,0,26,913
zackery.cutlip,Male,412.0,0,0,0,0,0,15,36
mhackett95,Female,5864.0,0,294.95,975.13,0,0,22,679
Redfern72,Female,1101.93,0,0,0,0,0,53,508
TucsonNick,Male,905.75,0,0,0,0,0,28,244
caitlin_busch,Female,11295.67,0,0,972.0,0,0,24,1357
mjerman16,Female,6445.84,0,0,0,0,0,19,859
csdunham8,Male,6954.74,0,268.82,938.0,0,0,20,847
lpep825,Male,1571.23,0,0,1240.0,0,0,50,779
pgottipati,Male,5657.08,0,276.6,952.0,0,0,23,1553
tschott,Male,3267.41,0,0,0,0,0,60,1946
kcardoso27,Female,8545.19,0,344.97,0,0,0,23,1865
sbluske,Female,11005.77,0,0,0,0,9670.0,26,859
Gen5690,Female,7989.17,0,336.96,1102.0,0,0,27,3228
Ahersh93,Male,20046.23,0,0,952.23,4192.0,8678.0,25,2200
seansullivan,Male,4267.62,115.0,258.26,0,0,0,20,661
Keilahworley,Female,27.03,0,0,0,0,0,20,52
kerschnera,Female,4785.85,0,0,0,0,0,20,953
jstilin,Male,35181.32,112.9,236.97,812.29,3815.0,0,28,3365
elianaboxerman,Female,1140.52,0,355.08,1297.53,0,0,15,307
Romalu22,Female,4199.73,144.01,329.4,0,0,0,20,668
jxiong11,Male,194.51,0,0,0,0,0,15,224
kylepermann,Female,1899.46,0,0,0,0,0,20,1353
Victoria15s,Female,1118.05,0,303.48,1089.0,0,0,19,275
aecook15,Female,4716.46,0,305.0,1042.0,0,0,21,826
Hamman-eggs,Female,1915.14,0,356.02,1245.21,6270.0,0,19,325
Tmoore22,Male,691.94,0,271.08,0,0,0,19,99
dbhc8996,Male,45555.41,111.03999999999999,235.7,802.19,0,0,28,4653
cconstable,Female,1518.22,0,0,0,0,0,19,268
kerrysorenson,Female,256.0,0,0,0,0,0,25,112
kage88,Male,22920.02,0,280.8,928.0,4227.0,9396.0,29,3529
retz,Male,6361.57,959.22,283.33,934.0,0,9864.0,21,887
BoyFromIten,Male,28453.63,122.0,270.0,968.0,0,0,27,4826
Tullus,Male,8051.48,121.98,274.43,984.9,0,0,19,2498
rlandy,Female,14673.11,145.0,306.72,1079.0,0,0,26,2706
kawk24,Female,6505.38,0,0,0,0,0,46,2219
Zach_Stew,Male,8495.35,0,259.42,883.37,0,0,21,893
Aholmgren,Male,1381.76,0,0,0,0,0,43,691
adolce96,Female,10051.39,151.12,334.8,1084.0,0,0,21,2075
jolivo,Male,17865.63,0,363.0,1326.0,6316.0,13572.0,57,3606
EvanMitchell18,Male,923.73,0,0,0,0,0,19,300
fheinrich,Male,5934.08,113.66,254.4,934.86,0,0,22,1323
BarnieSandlers5Ever,Male,12346.9,0,286.2,960.51,0,0,22,1413
ndalid,Male,6312.78,0,275.99,1014.0,4889.0,12351.0,35,2301
coachlinh,Male,4164.52,0,0,0,0,0,39,860
igo100,Male,19485.55,0,0,0,0,0,53,3867
joerath,Male,5493.49,124.62,270.03,0,0,0,23,1038
Inferno4,Male,25601.24,123.0,271.0,926.0,4505.0,0,27,3593
maddyestkowski,Female,2564.84,145.0,324.86,0,0,0,20,671
Westendworld,Male,1177.34,123.11,254.21,0,0,0,22,136
runner73,Male,2428.88,0,0,0,0,0,62,912
jkurry,Male,18721.78,0,0,1054.0,0,0,46,859
LisaNorstrom,Female,830.44,0,0,0,7151.0,0,54,248
TylerA,Male,22129.92,123.0,280.62,889.0,0,0,22,2778
jhitch322,Male,5138.89,0,0,0,0,0,27,811
alliehackett,Female,5832.37,0,297.87,974.07,0,0,22,679
jonders,Female,2064.32,0,0,1137.0,0,0,20,666
Straitdrian,Male,36744.93,114.5,252.78,915.2,4227.0,9042.34,29,3990
The_Situation,Male,16798.35,134.0,302.75,969.0,4493.0,10843.0,25,2481
Tommag67,Male,3981.49,0,0,1168.5,5613.0,0,50,3123
carnleygraham,Female,4554.36,0,0,0,0,0,21,656
joshdenny01,Male,4875.78,130.13,291.24,1070.0,5095.0,11901.0,21,2156
Miker66,Male,4313.03,0,0,0,0,0,19,670
Ksandlin,Male,19489.02,0,262.38,889.73,0,0,26,2847
mark_miller,Male,1382.23,0,0,0,0,0,19,318
marittegelaar,Female,400.13,0,0,0,0,0,27,69
xjimmayx,Male,1293.11,0,0,0,0,0,16,260
ShelbyNolan,Female,4016.57,153.43,322.14,1091.45,0,0,20,680
Eriesterer,Male,8491.3,125.0,3.0,1024.0,4763.0,10420.0,23,1761
JamesFordIV,Male,14518.02,0,0,0,4470.0,0,0,0
abbeywarth13,Female,10342.28,132.63,290.85,1088.41,5183.0,0,23,2145
DerekRunsTooMuch,Male,14506.54,127.31,268.89,905.02,4731.0,10231.0,31,3989
mhpagano,Male,3642.21,116.9,263.69,990.0,0,0,25,1009
maxbarbour,Male,2252.57,0,0,0,0,0,19,321
RyanBurrows,Male,7538.37,126.0,266.09,903.87,0,0,21,1282
zleggett,Male,4010.32,0,0,0,0,0,38,758
bcopley,Male,12699.4,0,0,912.0,0,0,23,2122
jaylapeche,Male,4610.48,0,0,0,0,0,40,1043
Zhatfield,Male,3395.4,0,0,0,0,0,37,999
Bdavisxc10,Male,17383.45,118.22,262.17,931.0,4547.0,0,25,2881
j.matthews36,Male,5261.76,0,0,0,0,0,23,647
teter,Male,21010.66,122.59,274.58,956.0,4321.0,9639.0,27,4304
allisonmarie_1,Female,39.5,0,0,0,0,0,15,105
andie.a,Female,39.5,0,0,0,0,0,15,105
chelseaj14,Female,10932.93,156.0,322.0,1079.09,5157.05,0,21,1443
emma.lusk,Female,33.0,0,0,0,0,0,14,105
johnnypace10,Male,6681.47,0,0,0,0,0,21,1038
rketchum,Male,15362.39,0,0,1048.0,4916.0,0,25,2780
TaylorRL23,Male,17.5,0,0,0,0,0,15,105
mimireimers,Female,1630.58,0,0,0,0,0,19,308
kellyedwards7,Male,14.0,0,0,0,0,0,16,105
DB3460,Male,36.5,0,0,0,0,0,15,104
FloridaFlash1258,Male,12099.47,0,274.11,927.0,4523.0,0,0,1967
WR3056,Male,40.5,0,0,0,0,0,15,105
bemckinn,Male,12506.7,0,328.0,1108.0,5317.0,11941.0,44,3102
tg3279,Female,42.5,0,0,0,0,0,14,105
acb.netsurfer,Male,2417.77,0,0,1044.0,0,0,21,980
skruB,Male,12516.91,0,266.84,894.37,0,0,21,1076
JCisthebomb,Female,3608.69,150.0,252.93,1177.8,5764.0,0,22,1281
VFRunner,Male,708.33,0,0,0,0,0,48,432
Ultrarunner50,Male,2326.75,0,0,0,0,0,27,673
k_murray,Female,840.98,0,0,1159.0,0,0,19,301
Hates_Goats,Male,2765.71,0,277.05,995.0,0,0,23,456
FlashMob,Female,9343.73,0,336.55,1156.0,0,0,0,0
everett.smulders,Male,1674.95,0,0,0,0,0,19,230
Lachlancook,Male,1963.0,0,0,0,0,0,21,243
df2015,Male,6648.98,0,273.81,972.0,0,0,0,0
bmp1123,Male,3512.5,0,296.55,1006.0,0,0,18,675
JeanPaulScott,Male,348.12,0,0,0,0,0,23,155
dferrorunning,Female,12811.9,147.02,307.86,1076.63,5311.0,11509.0,23,1720
teckel,Male,29313.5,148.0,313.77,991.0,5387.0,11722.0,65,4300
MegJay,Female,1333.62,0,0,0,0,0,18,286
klapsansky,Male,5447.6,0,0,0,0,0,20,680
jacobstamm,Male,5797.55,0,0,0,0,0,19,677
CoachKraft,Male,2339.86,0,0,0,0,0,38,499
tdubxc,Male,11850.56,0,261.36,853.0,4075.0,0,25,861
troeth,Male,13387.76,0,597.0,912.0,4233.0,9741.0,26,3099
Hanbyul,Male,1962.24,0,0,1049.0,0,0,18,316
g_alig,Male,10065.78,0,0,1139.0,0,0,0,2810
spolatas,Female,24530.12,156.0,317.0,1029.19,4754.0,9821.0,25,3971
IsraelBarco11,Male,4891.5,114.4,258.66,959.0,0,0,21,1072
devynmccarthy,Female,441.5,0,0,0,0,0,17,667
jake_carlson85,Male,1158.81,0,0,1033.0,0,0,19,1038
rell4,Male,9213.74,0,0,0,7594.0,17373.0,56,3627
bwschultz,Male,2682.32,0,0,0,0,0,48,836
Chaiiin,Male,2145.94,130.86,294.76,1115.0,0,0,20,1037
lukesimonds,Male,5015.92,120.2,264.28,986.0,0,0,20,1042
stephenj03,Male,2963.19,0,0,1546.29,7485.0,0,36,2500
CoachBurk,Male,28974.6,0,279.29,945.0,4256.0,9097.0,27,2222
stevenfrand,Male,5040.66,0,0,1019.0,0,0,23,1777
bevans,Male,7080.93,0,0,921.0,0,0,21,1059
bolognacake,Male,3788.74,0,279.72,958.27,0,0,19,670
Jerryfitz96,Male,5977.53,0,258.85,899.64,0,0,21,1006
tward98,Female,5569.27,0,338.0,1200.3,0,0,20,1756
weisel15238,Male,10237.56,111.11,246.42,931.0,0,0,21,798
SawyerMom,Female,1188.43,0,0,0,0,0,0,2508
alyanak,Female,29581.23,0,289.7,993.0,4426.0,9286.0,39,4395
fossac,Male,10246.2,0,0,0,0,0,60,1075
allietaylor98,Female,1882.65,0,0,0,0,0,19,355
laurenflynt,Female,7138.6,0,0,1130.0,0,0,19,1786
Mazz,Male,13023.22,113.81,254.03,933.0,0,0,23,1721
harrietsmith,Female,6960.55,0,306.0,1084.0,5160.0,10946.0,25,978
sophiafarquhar,Female,5899.53,0,0,1303.0,0,0,21,1374
sarahwygant,Female,248.1,0,0,0,0,0,36,320
Yesecaro6,Female,1386.05,0,0,1430.0,0,0,21,658
bmiller26,Male,21214.2,0,0,986.0,4521.0,9663.0,35,3166
mhusch22,Male,7088.75,126.0,278.0,973.0,0,10071.0,21,2506
sportsnurse,Male,14108.47,0,414.0,1338.0,6222.0,13377.0,66,3770
judith,Female,2961.7,0,0,0,0,0,69,3704
halhays,Male,10040.45,0,0,0,0,0,65,3772
ameliamahoney,Female,986.75,0,0,0,0,0,19,281
yellowyak46,Male,15103.23,125.0,262.0,869.43,4426.0,0,24,1423
AndreGodbott,Male,2819.04,115.62,254.51,912.06,0,0,19,448
bdemarest13,Male,3273.45,0,0,0,0,0,22,1336
Sean_Vandy,Male,20819.05,116.78999999999999,249.17,875.07,0,0,26,3607
kenziegronlund,Female,30.5,0,0,0,0,0,15,105
natalienew,Female,806.96,0,0,0,0,0,16,707
brooke.eckert,Female,30.0,0,0,0,0,0,15,105
gabbilinn,Female,39.0,0,0,0,0,0,14,105
onamountaintop,Female,7623.68,0,0,0,0,0,0,1069
Loso,Male,30403.88,115.9,251.0,894.07,4147.0,8857.0,29,3892
paigeisburg,Female,37.5,0,0,0,0,0,15,105
soverby,Male,12746.34,0,252.1,917.0,4610.0,10434.0,35,4748
andyking,Male,23687.38,0,0,1345.0,6197.76,12868.0,60,3773
TheyCallMeMango,Male,22338.05,140.0,288.0,986.0,4508.0,9557.0,32,4185
FranSEEYA,Male,13133.37,127.0,264.75,894.82,0,0,27,2434
AlexCorbett96,Male,6825.9,0,0,896.31,0,0,21,1024
amandamcelroy,Female,915.05,158.0,360.72,1278.0,0,0,19,322
Juliart03,Female,1328.48,158.2,351.63,1276.0,7638.0,0,19,331
UltiDrew,Male,2254.68,0,0,0,0,0,26,691
NDez,Female,3135.15,0,360.07,1222.38,0,0,24,1411
MalloryPaulk,Female,36.5,0,0,0,0,0,22,54
lizcon40,Female,829.84,0,0,1180.0,0,0,18,1143
JTGraass,Male,3245.7,118.0,0,934.0,0,0,21,736
maeberry,Female,5788.36,0,0,1045.05,0,0,25,1051
curieous,Male,1372.96,0,0,1843.0,0,0,0,3292
Logang,Male,28.06,0,0,0,0,0,15,33
leigh13,Male,10885.23,0,269.33,942.0,4569.0,9336.0,25,2490
kharr82,Female,7315.53,148.47,301.91,1028.0,0,0,26,2868
JoeySpinelli,Male,3374.55,0,0,0,0,0,23,1780
bussell,Male,22542.98,0,0,1044.0,5189.83,0,59,4301
Jeryck,Male,2590.98,0,0,989.0,0,0,19,586
bharv,Male,10992.38,121.85,254.0,987.0,0,0,0,0
chasedhampton,Male,3443.05,0,251.89,909.26,0,0,20,2513
edwardchance,Male,6138.26,0,0,0,0,0,20,868
rkrogh,Male,297.35,0,0,0,0,0,17,0
LukeAnderson,Male,3032.47,115.25999999999999,252.47,917.0,0,0,20,646
SalCordova95,Male,1204.07,0,0,0,0,0,22,412
toblerh1,Female,8167.5,0,332.92,1147.0,0,0,20,2248
jcr491,Male,5119.61,0,0,0,0,0,22,1259
zacharysallen,Male,4263.82,0,0,0,0,0,21,1498
bensiciliano,Male,1292.5,0,0,0,0,0,19,142
RyanRoush,Male,19008.47,0,900.06,869.49,4090.0,0,23,2136
hcburton17,Male,2694.1,0,276.3,0,0,0,19,618
AngeWischnack,Male,3447.0,0,273.69,1001.0,4492.0,0,20,647
hannahcoffin,Female,7082.14,142.0,293.76,1078.0,0,0,23,1059
Greekrunner,Male,7602.19,0,0,1065.0,4818.0,0,42,1420
Blau,Male,2063.21,0,264.04,0,0,0,19,314
appstatefan190,Male,4137.68,0,0,1167.0,5256.0,11998.0,27,2101
sanduskya1,Male,4924.65,116.0,253.8,896.0,0,0,20,608
DSMi,Male,3983.44,0,0,948.13,0,0,19,672
hotlegs,Male,3605.74,0,309.4,1013.2,0,0,28,1793
joebot8,Male,11780.29,0,259.85,885.19,0,0,22,1407
muskokarunner,Male,29258.0,144.98,331.38,1081.0,0,10750.0,0,3991
rburnes,Female,42.02,0,0,0,0,0,35,15
HannnahHaley,Female,3876.46,0,320.6,1076.22,0,0,21,1256
G_Runwald,Male,3147.28,0,0,0,0,0,21,618
bjacobs,Male,41353.91,127.0,264.0,1378.0,4109.0,9618.0,28,2144
Travis.Jones,Male,7211.29,116.45,266.11,972.0,0,0,25,1877
Rockguy,Male,6842.73,0,272.16,914.0,4292.0,0,23,304
speedgoat49,Male,1378.47,0,266.76,1002.0,0,0,19,247
becki,Female,16034.05,0,294.04,1004.0,4604.0,9617.0,34,2374
dlowe,Male,11854.44,148.87,306.98,1234.0,0,0,32,4368
samuelb,Male,10641.9,120.78,264.1,927.52,4484.0,0,23,1794
emichele816,Female,7359.87,0,0,1121.0,5718.0,11581.0,28,1371
mccarth,Male,4766.82,0,282.62,933.0,0,0,36,541
alexanderthegoat,Male,1216.44,0,279.72,941.0,0,0,19,323
runklaurun,Male,12534.63,117.9,255.9,850.93,0,0,21,1753
Rajpaul.Pannu,Male,2596.77,0,0,0,0,0,27,260
raj91,Male,32745.95,0,0,0,0,0,27,778
theblanch,Male,10527.98,118.68,255.71,890.92,0,0,0,1773
JazORoberts,Female,1443.44,0,0,0,0,0,18,294
zooch07,Male,26007.1,117.0,252.84,877.89,4143.0,0,29,3966
alexab,Female,5353.66,153.3,345.43,1186.99,5505.0,0,20,1058
bcbarry,Male,7972.14,118.34,266.55,928.79,4481.23,0,24,1169
hopelymr,Male,4824.21,0,0,0,4263.0,0,29,675
XavierGallo,Male,1661.55,0,0,0,0,0,15,440
fionadanieu,Female,3361.35,0,0,1039.0,0,0,19,1388
zdwheels,Female,2764.85,0,0,1158.0,5382.0,0,27,3613
abbiefwedwick,Female,2777.9,0,0,0,6197.0,0,19,0
rachelthomp7,Female,4182.98,0,0,0,0,0,22,1416
mbarr530,Female,1029.75,168.0,356.0,0,0,0,19,346
christina_murphy,Female,2229.49,0,0,0,0,0,37,342
npenix,Male,9028.64,126.08,287.66,1030.0,5591.0,0,20,2493
skrauss,Male,15158.68,117.69,251.43,999.0,4629.0,0,26,2815
morrismd21,Male,2697.36,0,0,0,0,0,20,657
Andrius,Male,2088.39,0,0,0,0,0,19,307
Raysellaro,Male,862.13,115.97999999999999,268.55,939.0,0,0,17,267
hgowans,Female,2495.95,0,0,0,0,0,21,1032
robert.notton,Male,1766.59,134.0,294.7,1004.98,0,0,15,660
abotham,Female,24877.45,136.03,293.84,1063.69,0,0,28,3586
jecusatis3,Female,2085.72,0,0,1132.0,0,0,16,321
benlanza81,Male,7188.04,131.0,282.0,928.0,0,0,20,1042
Bdubs_hammer28,Male,2665.57,115.9,260.47,931.01,0,0,19,668
colettelark,Female,1043.75,148.0,0,0,0,0,19,317
PaulSuflita,Male,1799.4,0,0,0,0,0,19,291
97josephine,Female,49.5,0,0,0,0,0,20,436
iliojjsanchez,Male,4922.62,0,0,0,0,0,20,603
andrewsullivan,Male,647.53,0,0,0,0,0,16,323
Brockertj1,Male,2312.57,0,292.0,1024.0,0,0,20,442
15pattersonm,Female,1083.3,0,0,0,0,0,21,0
braswell.anna8,Female,9246.09,138.0,285.55,976.25,0,0,22,870
mbhollyrunner,Female,2365.21,0,419.92,0,0,0,22,934
hodgej1,Male,21518.13,174.0,317.0,1059.0,5023.0,10487.0,47,3789
marybethrow,Female,3677.05,141.85,331.98,1222.65,5933.0,0,20,701
Kalonji,Male,21938.76,0,0,1174.22,5524.0,13460.0,54,3701
Clairerob123,Female,5597.95,0,0,1068.0,0,0,19,1731
maggiet023,Female,1658.48,0,410.65,0,0,0,15,686
Katthedentist,Female,1607.24,0,0,1110.0,0,11808.0,29,1521
Abby_rip,Female,2346.98,0,0,0,0,0,19,343
dominicdyer,Male,3230.04,120.0,257.04,905.5,0,0,19,392
longj24,Male,3131.06,121.4,276.26,1012.25,0,0,18,824
Jdomoney1,Male,2147.49,0,250.48,0,0,0,19,335
BoltLittleLady,Female,7050.4,0,302.0,1104.0,5058.0,12850.0,0,2339
kaleylynnb7,Female,453.89,0,0,0,0,0,15,304
MigFig,Male,2230.6,133.32,0,1067.4,0,0,18,360
zvrunner,Female,2943.06,0,0,0,0,0,19,1009
jbutler4815,Male,23343.38,128.0,270.55,884.06,4359.0,9269.0,24,3232
jacob_cronkPXC,Female,4387.35,139.0,294.7,1035.0,5102.0,0,17,1383
KHaubert13,Female,12300.45,148.0,313.0,1008.19,0,0,22,1943
Eddieobc2,Male,2023.23,0,0,0,0,0,18,315
tolanaar000,Male,526.81,0,0,0,0,0,14,331
ihybarger,Male,918.5,0,0,0,0,0,19,225
nick_warner,Male,942.79,0,0,0,0,0,19,1071
Glab3rz,Male,13103.47,0,271.15,942.0,4337.0,0,24,1888
RyanRyanAdams,Male,3258.39,0,312.12,1050.0,0,0,22,708
nathansoria,Male,2678.63,129.0,289.83,1008.0,0,0,17,1025
Dherb1,Male,10062.14,0,298.0,1009.79,4870.0,0,26,1474
TheRealAdum,Male,2701.19,0,0,0,0,0,22,1407
SPONDEE1400,Male,2552.19,0,0,0,0,0,20,677
msuspartan14,Male,1796.35,130.54,281.08,909.43,4259.0,0,25,542
tcm214,Male,25581.86,126.0,252.0,838.81,3801.0,0,26,2060
Noah_Corbett,Male,9973.37,121.0,273.3,932.1,4372.0,0,20,1234
JJWhicker,Male,464.14,0,0,0,0,0,0,1258
Cphannan,Male,5129.41,0,0,0,0,0,21,1063
Geoffrey_k,Male,883.0,0,0,1116.0,0,0,14,247
Rschweiz,Male,5467.35,0,0,0,0,0,19,664
sm3535,Female,2049.47,0,0,0,0,0,0,990
EmBry8,Female,626.18,0,0,0,0,0,18,292
mhoward,Female,3249.46,127.67,281.9,1091.0,0,0,20,687
jcembrey,Female,13751.63,0,368.0,1295.0,5876.0,13098.0,31,3028
kang6789,Male,19895.71,122.34,264.0,920.0,0,0,28,2373
ToddGunz,Male,4147.03,116.9,257.0,971.0,0,0,20,1068
JON3S,Male,4874.74,118.0,274.0,960.0,0,0,21,1024
gwcccoach,Male,1339.35,0,0,0,0,0,47,1392
PWMcDonald,Male,3728.97,0,274.0,1009.6,0,0,19,1330
Crystal_Hajek,Female,5045.57,0,336.91,1174.0,7680.0,0,22,1411
rflint,Male,1725.22,0,0,0,0,0,18,234
Grissimg1,Male,1745.32,0,0,0,0,0,20,238
vingram96,Female,8124.38,0,0,0,0,0,21,1294
bmartin,Male,5008.97,0,0,933.0,4227.0,0,33,492
J_Cans778,Male,6414.68,117.25,254.6,889.79,0,0,19,2142
Abschroff532,Female,1631.99,0,336.0,0,0,0,13,664
faithleist,Female,133.67,0,0,0,0,0,17,36
Coreyslarge,Male,10300.38,119.25999999999999,264.28,957.0,0,0,22,1396
zachrobertson,Male,2684.93,0,0,0,0,0,18,763
Anthonylupia,Male,9892.01,0,259.98,884.76,0,0,23,1431
runrgrl12,Female,6857.31,144.0,319.84,1139.0,6476.0,0,0,0
Geggintifoo,Male,2418.06,0,0,0,0,0,18,333
claremac97,Female,3242.34,0,0,1299.0,0,0,20,1049
Andrew_Wilson214,Male,1196.77,0,0,0,0,0,15,916
hnsandvik,Female,5544.8,137.12,297.0,1121.0,0,0,20,1031
sgscales,Female,3848.05,0,0,0,0,0,19,1728
JPTurner,Male,893.5,0,0,0,0,0,18,149
skoester,Female,2600.69,0,348.0,1215.0,0,0,22,1395
CarpyBrady,Male,149.65,118.0,284.64,0,0,0,17,43
emilyforester99,Female,1094.33,0,0,0,0,0,19,320
Noah246,Male,213.77,0,0,0,0,0,19,35
Bailey734,Female,336.5,0,390.0,0,0,0,17,160
17alewis,Male,2155.0,0,0,0,0,0,19,685
jscoots3,Male,4680.96,0,245.68,864.0,0,0,21,642
Mbrown1557,Male,1815.28,0,0,0,0,0,19,665
Kody97,Male,6047.0,0,0,0,0,0,21,1055
bohurjakj30,Male,2952.04,0,0,1063.0,0,0,16,680
jonesa07,Male,3525.48,133.3,287.86,982.3,0,0,15,674
jaymcmahon,Male,4058.83,0,260.18,932.0,0,0,21,1380
12345aaw,Male,3484.71,113.39,261.03,0,0,0,21,623
klrun,Male,2604.4,0,0,0,0,0,19,281
Jamnamram123,Male,1552.79,0,0,0,0,0,18,257
Mackennacc,Female,457.37,0,331.56,0,0,0,19,310
alex.fredrickson,Male,3725.63,115.78,0,1001.03,0,0,23,1773
Tbright4,Male,1458.43,0,0,0,0,0,19,247
SamSharkey,Male,167.21,0,0,0,0,0,16,18
Robnap,Male,15542.06,108.93,237.1,900.0,0,0,23,1779
runnerreese,Male,2474.47,0,0,0,0,0,20,687
benweisel,Male,2463.4,127.0,277.6,1004.0,0,0,18,867
FastFood,Male,748.48,0,0,969.07,0,0,23,281
BenjaminSchmid,Male,2512.03,0,0,0,0,0,16,1037
jdunn84,Male,2223.18,0,0,0,0,0,34,671
BenHaupt,Male,1697.46,0,0,974.0,0,0,19,302
mollymcqueeny,Female,2695.76,0,0,0,0,0,19,828
Numbertwomax,Male,2230.04,0,323.87,0,0,0,18,1035
Run222,Male,11281.84,178.0,282.03,1010.01,5746.0,12233.0,35,3739
Wintering,Male,3927.02,0,269.05,0,0,0,18,1424
pnorako,Male,1209.75,0,276.1,0,0,0,19,195
RunSwimLove,Female,8897.75,0,345.0,1159.0,6072.0,14128.0,26,2870
jeg359,Male,4337.91,127.0,287.84,1006.79,0,0,20,835
andydyer0,Male,7466.35,120.68,266.26,946.0,0,0,20,1037
lipee1,Male,1281.76,0,0,0,0,0,19,315
sydneystegeman,Female,3267.66,0,0,0,0,0,17,1403
ebuffington1,Male,5397.63,118.0,270.46,970.0,0,0,18,1240
tromanow,Male,2323.24,0,0,0,5601.0,0,48,302
Winston546,Male,51.75,0,0,0,0,0,15,686
yourrunningbud,Female,2506.42,0,0,0,0,0,18,835
runjesse,Male,19393.07,0,261.0,912.39,4172.0,0,33,3243
SteveCurley,Male,8608.68,0,286.4,965.0,4279.0,9383.0,25,1788
wsandlin,Male,555.86,0,0,0,0,0,16,138
will.theprocess,Male,855.99,0,0,914.0,0,0,17,132
JMess11,Male,5850.54,0,0,965.0,0,9346.0,32,1771
chi8742,Male,329.93,0,0,1201.05,0,0,16,676
evanbush,Male,4127.98,127.1,283.0,981.0,0,0,20,654
ryan_dev,Male,1134.51,0,0,0,0,0,47,799
seanlamacchia,Male,1306.75,0,0,0,0,0,15,317
DavidPyo,Female,398.93,0,0,0,0,0,16,336
ben4stout,Male,12490.43,0,0,0,0,0,24,1332
ryanparadise,Male,3154.49,0,0,0,0,0,19,641
JSpriggs,Male,1302.57,0,0,0,0,0,22,147
nsteinbicker,Female,2116.26,0,304.49,1036.21,0,0,22,286
ndedinge,Male,16803.45,0,0,903.0,4108.0,8432.0,26,1300
OGBobbyPortis,Male,3541.65,0,275.78,986.96,0,0,20,1016
kyleeanna13,Female,6044.78,172.38,358.62,1156.76,5870.0,0,20,1044
tcd1988,Male,14919.36,0,286.16,940.0,4407.99,9978.0,29,3981
thisabadusername,Male,929.87,0,0,0,0,0,21,187
csowalskie,Male,1046.09,0,424.0,1191.0,0,0,18,1457
johnxc,Male,698.08,0,0,0,0,0,16,679
nickgol13,Male,16655.89,115.11,248.54,869.96,0,0,22,2093
rtLAFRANCE,Male,371.61,0,0,0,0,0,20,17
mcree_h,Female,58.4,0,0,0,0,0,21,53
Emcrae,Female,898.5,0,0,0,0,0,14,240
Kylefredrickson,Male,1618.0,0,0,1116.0,0,0,23,1773
javanorm,Male,12579.2,0,0,0,0,12070.0,48,1901
KNutter,Female,12265.95,0,294.6,993.0,4566.0,9685.0,29,1478
RitaMayer,Female,1773.33,143.0,319.68,0,5686.0,0,23,861
cschuyler,Female,4289.94,0,326.16,1081.77,0,0,22,967
matthoff,Male,1050.09,0,0,0,0,0,16,1414
cpinson,Female,4465.9,142.0,295.92,1082.0,0,0,21,1393
bfeivor,Female,8325.16,0,305.0,986.0,4492.0,9637.0,0,1202
brachunok,Male,3156.85,0,0,0,0,0,25,924
Shockey6,Male,1115.9,0,0,0,0,0,20,304
xcwarrior,Male,39886.5,138.2,298.3,1014.0,4729.0,10162.0,33,4506
jpolo1997,Female,1822.2,0,0,1273.0,0,0,20,680
racerRAT04,Male,16475.45,132.2,270.0,944.97,5072.0,0,31,4587
eerupe,Male,30729.0,113.22999999999999,244.98,843.74,4305.0,0,26,3953
RunSullyRun,Female,8057.44,139.56,300.24,1058.4,5478.0,0,22,1184
msublette,Male,19152.63,118.0,253.8,867.0,0,0,24,2298
erinmagnuson,Female,2374.21,0,0,1364.0,0,0,20,1232
samhoffman3,Male,4748.23,0,0,1050.0,0,0,24,1402
lwalter,Female,1756.48,0,0,0,0,0,20,469
Rob442,Male,2146.55,0,0,0,0,0,0,838
jrturner,Male,9941.2,0,0,1041.0,4950.0,10294.0,34,3390
Noungster,Male,1976.79,131.3,345.04,0,0,0,17,1400
endorance,Male,6597.63,0,271.92,953.11,0,0,20,1038
AlanF,Male,378.84,0,0,0,0,0,71,40
markfh,Male,20056.75,0,0,0,0,0,53,4658
smundt,Female,4048.6,0,0,1062.0,5136.0,0,27,2937
Jarvisruns,Male,22154.49,0,334.0,978.0,4732.0,10959.0,47,4067
Gibbs,Male,5415.68,0,0,0,4579.0,10050.0,35,516
junior11,Male,5550.89,0,0,1271.0,6363.0,0,42,3505
scootin62,Female,5441.21,0,0,1320.0,5880.0,0,36,2843
moores1995,Female,10585.43,0,0,1535.0,0,0,50,2748
MaristXCcoach,Male,5516.27,0,0,0,0,10933.0,37,3660
jgoupil,Male,4952.08,0,0,1035.0,4613.0,10023.0,30,527
IBeLivin101,Male,7018.91,0,0,1018.0,0,10724.0,29,2911
drewharo,Male,9704.4,0,283.0,945.0,4271.0,9026.0,32,1367
WescoXC,Male,18034.16,130.0,288.01,1012.0,4679.0,10122.0,22,2367
KrisMiner,Female,5131.65,0,0,0,0,0,32,1568
Miner,Female,17574.79,141.9,316.45,1071.01,5099.0,0,32,0
andrewplatek,Male,20523.26,0,0,0,0,12892.0,49,863
ahofer,Male,2174.73,118.31,283.0,988.0,0,0,19,323
pburns224,Male,24660.1,117.0,258.45,911.04,4417.0,9048.0,27,3222
jmansur,Male,15651.77,0,0,0,4446.0,0,31,3251
mdehring,Male,18749.67,0,0,1002.0,4693.09,9935.0,47,3247
Paglia13,Female,7833.18,154.0,347.76,1201.0,5453.0,12413.0,22,2244
nrudy,Male,1944.75,0,0,970.0,0,0,25,626
j3wierenga,Male,12193.63,0,274.06,925.4,0,0,25,2506
hcsemple,Male,3556.25,0,0,1430.0,0,0,58,3702
candino,Male,7991.68,120.67,264.6,948.0,0,0,22,1342
houghtalena,Male,610.06,0,0,0,0,0,28,81
sldams,Female,9239.5,0,0,1679.0,0,0,63,2873
briggsri,Male,11734.42,0,0,0,0,0,59,2668
dshafer10,Male,16096.91,0,267.31,891.01,4273.0,9516.0,25,2747
Steven_Raybould,Male,4800.1,0,0,987.85,0,0,19,687
trevhan,Male,1127.28,0,0,1246.13,0,0,49,981
lmwardner,Female,650.44,0,0,0,0,0,18,285
travis23,Male,3142.96,0,0,1126.0,5255.0,11047.0,33,3029
PurdueRunner,Male,18865.16,0,0,1043.0,0,9832.0,36,4664
ernesto,Male,7716.01,122.53,274.91,923.81,5383.0,0,24,2066
Booneboonety,Male,1941.54,0,0,0,0,0,23,1423
WesleyBWard,Male,26365.34,129.1,277.34,905.37,0,0,23,3932
Spkane31,Male,16294.84,119.5,272.57,954.1,6907.0,0,21,3084
lshurson,Female,11831.91,0,329.4,1111.0,0,0,23,0
elacy24,Female,1133.43,0,0,0,0,0,20,498
coachblicker,Male,7459.16,0,0,1124.0,5269.0,0,0,2913
JaguarCat13,Male,10896.13,0,278.0,920.27,4242.0,9112.0,27,1912
crookette,Female,8888.61,0,0,1680.0,5959.0,17508.0,49,3760
Gill,Male,4568.03,0,0,0,0,0,27,678
kess310,Male,17143.62,118.87,261.42,954.0,4589.0,0,27,2988
nataliekopplin4,Female,6805.71,0,0,0,0,0,21,1046
kfitzsimmons94,Male,4002.57,0,270.0,927.0,0,0,24,1046
eadsa,Female,6022.7,144.0,294.39,1097.0,0,0,21,1019
dustyrose1994,Female,4558.74,0,0,0,0,0,24,841
JL,Male,10547.45,0,258.81,871.37,0,0,27,1135
kurt2430,Male,18876.96,117.00999999999999,267.84,957.88,0,10170.0,0,4754
jgr3go,Male,3242.72,0,0,0,0,0,0,421
NGrimm,Male,15089.92,134.0,276.48,940.14,4756.0,0,25,3609
azyrek,Male,10407.53,0,0,1409.0,6746.0,14243.0,49,3383
adw2325,Male,13073.41,0,0,1184.0,0,0,0,3661
Samgottuso,Male,743.67,0,0,1043.0,0,0,24,1036
Zfaudi,Male,4068.57,136.56,299.35,1051.05,0,0,18,832
cobi2125,Male,12732.23,121.0,252.46,839.51,0,0,21,1937
jwilk,Male,23397.42,109.36,248.72,904.77,0,0,26,2923
scottr,Male,10253.6,0,0,1257.0,0,0,58,3460
aprilvanryn24,Female,1156.47,0,0,1055.0,0,0,18,328
pwbastron,Male,242.5,0,0,0,0,0,31,84
Runnershigh,Male,26409.32,0,0,0,6418.0,0,67,3776
Margaret_Li,Female,231.95,0,0,0,0,0,15,230
taryncordani,Female,1428.22,0,296.0,996.83,0,0,22,226
JoyceMR,Male,1977.74,0,0,1353.0,0,0,52,672
1kellogg,Male,5476.78,0,263.61,944.0,0,0,0,884
Elersch,Female,4883.86,137.0,312.0,0,0,0,20,1047
ANiese1,Female,4325.11,0,0,0,7777.08,0,47,1367
Ashrrith,Male,130.43,0,0,0,0,0,16,501
ARockstroh,Male,296.65,0,294.84,0,0,0,20,51
lupprXC,Male,25934.28,119.59,257.82,893.8,4367.0,0,28,3620
bennerbn,Female,19870.17,140.0,304.56,1053.0,4898.0,10692.0,25,3964
Chrissinger,Male,3144.81,0,0,0,0,0,19,1002
janet,Female,20921.44,190.79,0,1302.04,6170.0,13314.0,52,2522
ALynch98,Male,685.01,0,0,0,0,0,19,139
RunningRich,Male,1434.6,0,0,0,0,0,63,238
Vansmith,Male,4439.74,0,0,0,0,0,44,771
bellrr,Male,3197.02,0,0,1230.7,0,0,52,3524
MSonnesyn,Female,14769.09,150.36,2.0,935.0,4845.0,0,24,1719
timbolick,Male,4300.68,111.68,254.45,968.0,0,0,23,674
NickT1997,Male,8907.09,0,0,0,0,0,20,1090
Chiruadr,Male,3261.09,0,0,0,0,0,26,455
StuRuss,Male,14838.7,0,276.0,909.0,0,0,25,1784
Dancopter,Male,548.71,0,0,0,0,0,24,182
ObamaAficionado,Male,126.86,0,0,0,0,0,19,53
jdaectta95,Female,3332.75,0,460.0,0,7025.0,0,46,1555
rmb244,Male,1437.0,0,0,0,0,0,22,129
ReedRunner,Male,1919.35,0,0,0,0,0,52,1733
crsrunnerdude,Male,2341.28,0,268.39,0,0,0,19,344
Matt.LoPiccolo,Male,1405.91,0,0,0,0,0,42,912
Tapawingo,Female,25148.03,151.74,320.45,1081.93,5245.0,11690.0,0,0
TeaRomanowski,Female,3505.54,0,0,1229.0,0,0,20,681
TomGoforth,Male,6678.98,0,249.0,0,0,0,22,1251
KCMasterpiece,Male,10756.69,134.0,276.0,937.4,4638.0,0,22,1804
DRoark20,Male,9162.49,120.25,253.41,888.0,0,0,28,3585
Suz,Female,2542.94,0,0,0,8907.0,0,46,616
dmercer,Male,12270.39,0,0,0,0,0,36,1429
eavigil22,Female,7536.46,0,330.48,1047.81,0,0,22,1395
Julia_Noah,Female,4954.42,0,289.0,0,0,0,20,688
_tat_,Male,11950.25,130.0,264.17,949.0,0,0,21,1429
avb94,Male,6327.6,0,0,0,0,0,23,963
MStockton,Female,10989.53,148.09,333.0,1132.0,0,0,24,2504
BonnieB,Female,7317.77,141.21,311.85,1145.0,0,0,23,1416
agculver,Male,22246.62,140.0,311.04,1013.0,4929.0,0,23,2334
ADruns,Male,17909.13,115.99000000000001,250.58,891.0,0,0,0,3231
sakiko_minagawa,Female,4236.86,0,0,991.09,4734.0,0,23,480
lizmosier,Female,5787.2,0,313.38,1064.03,0,0,21,1129
rachleeruns,Female,3199.24,0,0,0,0,0,25,675
mpc83,Male,8928.0,0,0,0,0,0,24,974
ckiekhaefer,Female,599.5,0,0,0,0,0,0,99
trishysteffy,Female,11069.22,147.0,311.0,1098.0,0,11310.0,24,2508
robdesisto,Male,7673.53,122.0,262.18,1011.2,0,0,22,1260
jphillippi,Male,5989.45,0,0,959.0,4397.0,10178.0,31,1202
minde15,Male,34075.4,123.0,263.7,910.4,4091.0,8545.0,31,3620
PeterGilmore,Male,5169.09,0,0,0,0,0,28,552
Garmander,Male,14275.86,0,0,918.0,4254.0,0,23,1928
mmddge98,Female,2384.15,175.05,378.05,1275.84,0,0,20,587
ronaeleyma,Female,16313.4,141.0,305.0,1068.0,0,0,22,2137
Danielalarab,Female,7809.94,180.0,341.28,1127.0,5571.0,0,22,2070
Skatulich,Male,1849.14,0,0,0,0,0,19,337
MegaSpeed,Male,870.28,0,263.6,0,0,0,18,168
slammy199,Male,11353.75,0,271.08,922.0,4617.0,0,21,1077
cmounce,Male,2494.37,136.0,298.61,1076.0,0,0,23,704
hillj,Female,722.12,146.45,0,0,0,0,19,316
lmiguel1996,Male,3701.76,0,0,1013.0,0,0,21,975
eburton5,Female,5785.46,147.23,325.05,1260.0,0,0,21,1038
AndyWeaver,Male,9516.15,0,0,922.0,3867.0,0,27,1847
15dunn,Male,9591.85,116.67,256.51,988.0,0,0,21,1793
KevMic21,Male,4322.73,120.0,262.2,1029.62,0,0,21,967
allietriskett,Female,2116.12,0,0,1054.02,0,0,20,281
taylorrettig,Female,1582.42,151.78,326.57,1068.94,0,0,20,310
DonDeaner,Male,11576.6,0,271.08,937.0,0,0,22,1442
Gbutkus,Female,8345.31,0,0,1230.98,0,0,20,2515
samurray0630,Male,5034.7,0,286.28,952.98,0,0,23,818
RohannAsfaw,Male,1759.66,0,0,0,0,0,18,264
WShafer,Male,12652.42,0,252.85,873.85,0,0,22,1223
ethanzinthetrap,Male,5993.89,119.55,264.36,910.28,0,0,20,1092
Dantherunningman,Male,11104.35,127.0,275.0,950.0,4658.0,0,23,1780
epashe,Male,17392.35,0,249.0,911.0,3813.0,8226.0,29,1979
RyunAnderson,Male,7215.21,120.58,261.36,899.34,0,0,20,694
rrwoods,Male,5017.0,0,0,1675.0,0,0,63,2900
Jerrytherunner,Male,2397.95,128.0,271.57,955.0,0,0,19,788
AndreaGeorge,Female,3636.74,0,0,0,0,0,21,1408
mgnevs,Female,1782.0,153.71,350.99,1302.06,0,0,18,320
mitchellthomas10,Male,2779.46,0,0,0,0,0,31,658
rachaelporter,Female,38.62,0,0,0,0,0,21,50
GraceNolan1,Female,1483.75,0,349.0,1260.7,0,0,18,315
brs11310,Male,3826.54,0,276.61,937.39,0,0,21,524
mcdonaldg1,Female,1505.26,0,0,0,0,0,22,286
JTHOMAS,Female,7820.59,0,0,0,8160.0,17100.0,48,2487
mcpowers25,Female,6445.58,0,347.0,1174.0,0,0,25,2846
nathinnes,Female,6909.64,0,322.69,1128.0,0,12461.0,23,2038
ilikecookiedough,Male,22722.84,117.74000000000001,248.08,839.1,3898.0,0,27,3703
ChristinaS,Female,4035.27,0,303.17,1053.0,0,0,19,663
JoelRnz,Male,1734.78,0,0,0,0,0,19,291
Jmullenberg,Male,34.79,0,0,0,0,0,17,36
rmcdowell,Male,24333.72,0,0,922.0,4666.0,10078.0,61,0
rdearie17,Male,3898.45,122.8,258.04,0,0,0,19,673
elleryh,Female,4094.44,0,332.0,0,0,0,21,1438
NickPacelli,Male,796.39,115.28,263.41,0,0,0,19,153
Zebby,Male,6117.55,0,245.7,849.0,0,0,20,1013
ChrisArmstrong,Male,9171.14,0,0,0,0,0,23,1717
JennaFarrell,Female,2640.03,0,0,1115.0,0,0,20,666
gregpalmer10,Male,133.1,0,0,0,0,0,23,58
kaggsy69,Female,758.41,0,0,0,0,0,43,506
TrailToddlers,Male,3091.35,0,0,0,0,0,34,496
maryclareleonard,Female,2428.97,0,0,0,0,0,19,303
Makarewicz,Male,477.27,0,0,0,0,0,15,301
mikeallen12,Male,1455.0,116.47999999999999,266.85,0,0,0,18,306
DanualPXC,Male,7902.97,123.1,276.47,1002.4,4955.8,0,19,1770
cesilva212,Female,818.8,181.69,402.19,0,0,0,24,656
teagsted,Male,469.92,0,0,0,0,0,18,334
donovanleininger,Male,291.15,0,0,0,0,0,15,405
natehenson,Male,1496.56,0,0,0,0,0,15,686
jmaluso,Female,888.41,0,0,0,0,0,20,128
sisu508,Male,12510.04,0,298.46,1075.0,5331.0,0,29,3779
trystanthayer,Male,2633.45,0,0,0,0,0,20,389
feldgeld,Male,2428.46,0,292.85,1031.0,0,0,29,2359
Togood1992,Male,8639.2,119.66,291.0,1032.0,4917.0,10690.0,25,2519
BriannaCoyxc1997,Female,4577.55,0,0,0,0,0,21,1041
marscavuz,Female,7382.4,0,291.62,994.6,0,0,21,1021
Amanda3048,Female,3010.74,0,0,1545.0,0,0,0,2512
Cich,Male,4460.31,0,0,0,0,0,21,990
evanakers,Male,3692.11,123.7,268.38,958.2,0,0,17,1060
sarahcar,Female,422.61,175.0,368.0,1304.0,0,0,18,315
mattbout,Male,5293.48,0,0,0,0,0,20,652
marshallmathers,Male,13910.15,133.6,292.63,1003.6,0,0,22,2790
chickenlegs,Male,24934.5,0,292.68,2247.0,4362.0,9380.0,50,3991
JohnBaker,Male,6303.9,0,0,967.12,0,0,22,679
sijack08,Male,17100.38,0,316.22,893.76,4528.2,0,27,2131
LukeLovesRunning,Male,1081.88,0,0,1070.53,0,0,16,693
Lexikranich54,Female,543.37,0,0,0,0,0,16,320
mtank,Male,11406.84,151.64,317.86,1134.71,5290.0,13400.0,23,3166
baileyburns,Male,159.8,0,0,0,0,0,19,99
dutkat68,Female,4635.15,0,329.0,1130.0,0,0,21,1402
mariaremillard,Female,4688.41,0,354.0,1188.0,0,0,22,1077
Dame,Male,14929.45,0,263.0,873.21,4015.0,0,0,2458
ajiovoli,Male,16823.41,121.26,264.5,985.05,0,10731.0,25,2493
daymt17,Male,1506.95,0,0,0,0,0,18,289
kenzie.lee,Female,1013.65,0,0,0,0,0,20,337
Whitneywendling,Female,1460.55,0,0,0,0,0,19,307
GoFish,Female,11001.69,0,0,1340.22,6593.91,17750.05,0,3882
brianclaytonxc,Male,1917.21,0,0,1010.0,0,0,18,596
BJB,Male,8897.09,0,0,901.0,5364.0,0,32,4035
Nellis,Male,4713.33,0,0,0,0,0,17,1417
HayBlood,Male,1562.61,0,0,0,0,0,19,766
SlaterG,Male,1249.64,0,0,0,0,0,18,331
xcmiler,Male,3343.48,0,0,0,0,0,22,1038
Jcdombrowski,Male,1299.32,0,0,0,0,0,17,678
Regan_S,Female,3420.34,0,0,0,0,0,19,631
Laytonw,Male,11707.34,0,263.77,895.7,0,0,21,1072
gmcleod,Male,330.12,0,0,0,0,0,16,656
jla2,Female,2941.13,140.41,318.63,0,0,0,20,682
mhb91,Male,1611.04,124.0,292.68,1083.0,0,0,22,719
pschwan,Male,1172.37,0,0,0,0,0,41,1105
Abarton,Male,434.33,0,0,952.0,0,0,21,57
harrierpotter,Male,1572.87,0,0,987.1,0,0,20,275
hoffmanmax96,Male,6353.83,0,271.08,920.0,0,0,21,1050
rnholmes,Female,5076.42,150.0,331.0,1201.71,0,0,21,975
annabartlett1,Female,2473.72,0,0,0,0,0,20,1046
laurencejaross,Male,6465.03,0,0,0,0,0,22,1424
Robbinsa,Male,9441.82,0,264.82,893.0,0,0,21,1329
wmccoy,Male,6488.64,0,277.56,933.0,0,0,20,995
lahrx073,Male,4522.5,0,259.08,891.0,4503.0,0,21,698
cavetoad,Male,11700.5,0,0,0,0,0,0,3707
Adamwade,Male,292.0,0,0,0,0,0,15,159
mclark11,Female,1436.53,0,373.0,0,0,0,21,303
ErinWhit,Female,328.39,0,0,0,0,0,43,74
Duffman14,Male,12081.14,118.44,273.72,1009.51,0,0,0,4317
sfamiler,Male,349.61,0,0,0,0,0,39,323
Maddy_Wolf02,Female,15.0,0,0,0,0,0,15,1
rivabanks,Male,18646.45,0,0,897.0,4150.0,8976.0,37,4402
LaFave77,Male,3439.72,0,0,0,0,0,20,667
StevenBAAH23,Male,2140.53,144.0,301.81,0,0,0,16,490
JoeNovak1,Male,1416.49,0,0,0,0,0,21,300
bennmaki,Male,2711.46,0,0,0,0,0,24,1387
ktkess21,Female,15271.04,132.78,320.28,1139.1,5282.0,0,26,3967
JLange,Male,2622.9,0,280.3,978.0,0,0,20,467
camzaman98,Male,1232.65,0,0,0,0,0,19,644
runnermike79,Male,909.4,0,0,0,0,0,57,205
nmarino14,Male,9374.05,123.0,264.6,922.0,0,0,21,1035
sheaw,Male,3351.4,133.0,255.88,957.0,0,0,0,667
BWill,Male,1515.8,0,0,0,0,0,18,242
dham181,Male,4256.67,0,0,0,0,0,21,1047
cody-tripp,Male,731.92,61.51,287.0,0,0,0,19,318
epenner,Female,6139.93,148.16,271.8,1173.0,0,0,22,1072
willtmakinen,Male,2982.03,123.0,269.55,998.0,0,0,17,868
JaxonMannDos,Male,252.67,0,0,0,0,0,15,259
tsturgeon4,Female,7137.88,0,0,0,7102.0,0,35,3237
samsackrider,Male,541.5,0,0,0,0,0,15,149
Puffycheetos411,Male,12634.79,126.77,280.63,963.0,0,0,28,3519
lilgermangirl,Female,4852.1,0,0,0,0,12831.0,22,964
michelle.bloom,Female,1011.74,0,0,1274.0,0,0,19,320
Emmilu,Female,998.01,0,0,0,0,0,18,240
edwards_ben,Male,2748.81,0,0,0,0,0,20,505
carriebalzer,Female,814.38,0,0,0,0,0,16,324
LydiaRohrer,Female,1012.95,0,0,0,0,0,19,667
alyssa_deeds,Female,1449.44,0,0,0,0,0,16,1049
21si0300,Female,264.62,180.0,416.0,0,0,0,14,289
carobrown4,Female,265.38,0,0,0,0,0,32,111
bischadm,Male,15642.67,113.8,189.54,413.0,4383.0,0,0,0
XCjessicarun,Female,535.48,0,0,0,0,0,14,238
raider,Male,19470.65,154.13,315.53,1086.03,5302.0,12913.94,55,3930
arssoccer,Male,1192.06,151.0,326.34,1159.9,0,0,18,450
aidanbustill00,Male,4000.57,134.4,292.99,1014.9,0,0,17,1014
kfortino,Female,1302.0,141.0,321.86,1122.6,0,0,17,313
nbakes,Male,33251.51,118.2,268.75,946.3,4327.0,0,28,3622
runchelton,Male,10873.73,0,0,1244.3,6716.0,0,57,2665
janienoah,Female,3235.65,0,0,0,0,0,20,672
anniefarrell,Female,345.69,0,0,0,0,0,15,313
nickvoth,Male,8582.5,0,274.0,930.0,0,0,21,1414
eliasgraca,Male,1922.07,0,0,944.0,0,0,21,266
dcxcTriathlete,Male,16050.41,117.28,279.3,1000.88,0,11332.0,29,3612
encee43,Male,19097.95,136.69,289.2,985.61,4469.0,10108.0,29,4117
elisabethmarie,Female,218.23,0,0,0,0,0,18,36
PaigeBoldt,Female,16176.34,0,319.0,1023.0,4799.0,0,28,1754
coachellend,Female,6902.16,0,0,0,0,0,62,3146
briahnagerlach,Female,1707.08,0,0,0,0,0,19,337
AntonySantos,Male,13073.94,126.39,275.0,974.13,4486.0,10362.0,25,2369
casscard1,Female,6304.92,152.62,341.0,1261.0,0,0,21,1337
BenWynsma,Male,1760.74,0,281.1,946.0,0,0,25,1028
dylanjh,Male,4742.99,0,0,0,0,0,24,1641
kallas6,Male,15671.53,120.97,274.11,1097.0,4490.0,0,0,0
Kallas,Male,1859.37,0,0,0,0,0,26,3630
SammyB,Female,1496.68,170.0,356.05,1392.9,0,0,15,1399
ascottjordan,Male,18247.14,165.0,0,1302.05,5765.0,12500.0,52,2522
Kschenkel,Male,1013.8,0,0,0,0,0,15,316
szucca,Male,682.7,0,0,1030.0,0,0,16,680
cassidy523,Female,1503.05,0,0,0,0,0,17,678
lucasrhed,Male,4242.8,0,0,0,0,0,20,640
JOndash,Male,4524.86,0,0,926.0,0,0,19,635
Isaac17,Male,422.85,0,0,0,0,0,19,43
kliminator,Female,6309.98,149.0,315.0,1059.08,5695.0,0,22,0
shelby.grossi,Female,529.09,0,0,0,0,0,14,232
